{
  "webqsp": {
    "1": {
      "f1": 0.8796399186322369,
      "hit": 0.8951965065502183,
      "ehr": 0.4371584699453552,
      "ged": 1.6327868852459015
    },
    "7": {
      "f1": 0.5059523809523809,
      "hit": 0.75,
      "ehr": 0.42857142857142855,
      "ged": 3.5
    },
    "3": {
      "f1": 0.7486017218711937,
      "hit": 0.6739130434782609,
      "ehr": 0.5615942028985504,
      "ged": 2.0471014492753623
    },
    "2": {
      "f1": 0.7846179527913436,
      "hit": 0.7853535353535354,
      "ehr": 0.6189873417721519,
      "ged": 1.691139240506329
    },
    "4": {
      "f1": 0.38396268763915825,
      "hit": 0.5,
      "ehr": 0.3854166666666667,
      "ged": 3.375
    },
    "6": {
      "f1": 0.4070669934640523,
      "hit": 0.5,
      "ehr": 0.3958333333333333,
      "ged": 7.25
    },
    "5": {
      "f1": 0.4967741935483871,
      "hit": 0.5,
      "ehr": 0.4,
      "ged": 3.5
    },
    "8": {
      "ehr": null,
      "ged": null,
      "f1": null,
      "hit": null
    },
    "9": {
      "ehr": null,
      "ged": null,
      "f1": null,
      "hit": null
    },
    "10": {
      "ehr": null,
      "ged": null,
      "f1": null,
      "hit": null
    }
  },
  "cwq": {
    "3": {
      "f1": 0.7433533758055593,
      "hit": 0.7185483870967742,
      "ehr": 0.5774193548387073,
      "ged": 2.3120967741935483
    },
    "5": {
      "f1": 0.6343792323291761,
      "hit": 0.6065573770491803,
      "ehr": 0.6386885245901647,
      "ged": 2.4360655737704917
    },
    "4": {
      "f1": 0.7276420863973276,
      "hit": 0.6911262798634812,
      "ehr": 0.6322525597269625,
      "ged": 2.4505119453924915
    },
    "2": {
      "f1": 0.7935826891282781,
      "hit": 0.8050609184629803,
      "ehr": 0.22164948453608246,
      "ged": 3.4414245548266167
    },
    "6": {
      "f1": 0.16177151416122004,
      "hit": 0.1875,
      "ehr": 0.5468749999999999,
      "ged": 3.21875
    },
    "8": {
      "f1": 0.5036977058029688,
      "hit": 0.52,
      "ehr": 0.7556818181818182,
      "ged": 2.772727272727273
    },
    "7": {
      "f1": 0.4947527848348642,
      "hit": 0.4117647058823529,
      "ehr": 0.7232142857142857,
      "ged": 2.875
    },
    "10": {
      "f1": 0.0,
      "hit": 0.0,
      "ehr": 0.3,
      "ged": 5.0
    },
    "1": {
      "ehr": null,
      "ged": null,
      "f1": null,
      "hit": null
    },
    "9": {
      "ehr": null,
      "ged": null,
      "f1": null,
      "hit": null
    }
  },
  "grailqa_dev": {
    "2": {
      "f1": 0.014492915687921404,
      "hit": 0.013493253373313344,
      "ehr": 0.021825396825396824,
      "ged": 4.295238095238095
    },
    "1": {
      "f1": 0.019716054408539806,
      "hit": 0.01939532230462065,
      "ehr": 0.0026470588235294116,
      "ged": 3.036764705882353
    },
    "3": {
      "f1": 0.004521963824289406,
      "hit": 0.007751937984496124,
      "ehr": 0.008264462809917356,
      "ged": 5.603305785123967
    },
    "4": {
      "f1": 0.0,
      "hit": 0.0,
      "ehr": 0.0,
      "ged": 6.0
    },
    "5": {
      "ehr": null,
      "ged": null,
      "f1": null,
      "hit": null
    },
    "6": {
      "ehr": null,
      "ged": null,
      "f1": null,
      "hit": null
    },
    "7": {
      "ehr": null,
      "ged": null,
      "f1": null,
      "hit": null
    },
    "8": {
      "ehr": null,
      "ged": null,
      "f1": null,
      "hit": null
    },
    "9": {
      "ehr": null,
      "ged": null,
      "f1": null,
      "hit": null
    },
    "10": {
      "ehr": null,
      "ged": null,
      "f1": null,
      "hit": null
    }
  }
}