{
  "webqsp": {
    "1": {
      "ehr": 0.4371584699453552,
      "ged": 1.6327868852459015,
      "f1": 0.8796399186322369,
      "hit": 0.8951965065502183
    },
    "7": {
      "ehr": 0.42857142857142855,
      "ged": 3.5,
      "f1": 0.5059523809523809,
      "hit": 0.75
    },
    "3": {
      "ehr": 0.5634638196915773,
      "ged": 2.03914590747331,
      "f1": 0.7486017218711937,
      "hit": 0.6739130434782609
    },
    "2": {
      "ehr": 0.61875,
      "ged": 1.7075,
      "f1": 0.7846179527913436,
      "hit": 0.7853535353535354
    },
    "4": {
      "ehr": 0.3854166666666667,
      "ged": 3.375,
      "f1": 0.38396268763915825,
      "hit": 0.5
    },
    "6": {
      "ehr": 0.3958333333333333,
      "ged": 7.25,
      "f1": 0.4070669934640523,
      "hit": 0.5
    },
    "5": {
      "ehr": 0.3333333333333333,
      "ged": 4.333333333333333,
      "f1": 0.4967741935483871,
      "hit": 0.5
    },
    "8": {
      "ehr": null,
      "ged": null,
      "f1": null,
      "hit": null
    },
    "9": {
      "ehr": null,
      "ged": null,
      "f1": null,
      "hit": null
    },
    "10": {
      "ehr": null,
      "ged": null,
      "f1": null,
      "hit": null
    },
    "overall": {
      "ehr": 0.5021188291830495,
      "ged": 1.7834862385321102,
      "f1": 0.8232238304864142,
      "hit": 0.8222632226322263
    }
  },
  "cwq": {
    "3": {
      "ehr": 0.591893252769382,
      "ged": 2.2386706948640485,
      "f1": 0.7433533758055593,
      "hit": 0.7185483870967742
    },
    "5": {
      "ehr": 0.6456456456456469,
      "ged": 2.4174174174174174,
      "f1": 0.6343792323291761,
      "hit": 0.6065573770491803
    },
    "4": {
      "ehr": 0.6471471471471472,
      "ged": 2.3603603603603602,
      "f1": 0.7276420863973276,
      "hit": 0.6911262798634812
    },
    "2": {
      "ehr": 0.23837209302325582,
      "ged": 3.3595706618962433,
      "f1": 0.7935826891282781,
      "hit": 0.8050609184629803
    },
    "6": {
      "ehr": 0.5571428571428572,
      "ged": 2.942857142857143,
      "f1": 0.16177151416122004,
      "hit": 0.1875
    },
    "8": {
      "ehr": 0.7801724137931034,
      "ged": 3.0,
      "f1": 0.5036977058029688,
      "hit": 0.52
    },
    "7": {
      "ehr": 0.7785714285714286,
      "ged": 2.3,
      "f1": 0.4947527848348642,
      "hit": 0.4117647058823529
    },
    "10": {
      "ehr": 0.3,
      "ged": 5.0,
      "f1": 0.0,
      "hit": 0.0
    },
    "1": {
      "ehr": null,
      "ged": null,
      "f1": null,
      "hit": null
    },
    "9": {
      "ehr": null,
      "ged": null,
      "f1": null,
      "hit": null
    },
    "overall": {
      "ehr": 0.4974937876455147,
      "ged": 2.6483267158252977,
      "f1": 0.7377252588537818,
      "hit": 0.7228842040941033
    }
  },
  "grailqa_dev": {
    "2": {
      "ehr": 0.021825396825396824,
      "ged": 4.295238095238095,
      "f1": 0.014492915687921404,
      "hit": 0.013493253373313344
    },
    "1": {
      "ehr": 0.0026470588235294116,
      "ged": 3.036764705882353,
      "f1": 0.019716054408539806,
      "hit": 0.01939532230462065
    },
    "3": {
      "ehr": 0.008264462809917356,
      "ged": 5.603305785123967,
      "f1": 0.004521963824289406,
      "hit": 0.007751937984496124
    },
    "4": {
      "ehr": 0.0,
      "ged": 6.0,
      "f1": 0.0,
      "hit": 0.0
    },
    "5": {
      "ehr": null,
      "ged": null,
      "f1": null,
      "hit": null
    },
    "6": {
      "ehr": null,
      "ged": null,
      "f1": null,
      "hit": null
    },
    "7": {
      "ehr": null,
      "ged": null,
      "f1": null,
      "hit": null
    },
    "8": {
      "ehr": null,
      "ged": null,
      "f1": null,
      "hit": null
    },
    "9": {
      "ehr": null,
      "ged": null,
      "f1": null,
      "hit": null
    },
    "10": {
      "ehr": null,
      "ged": null,
      "f1": null,
      "hit": null
    },
    "overall": {
      "ehr": 0.007841907151819323,
      "ged": 3.4339188624006693,
      "f1": 0.01791576853468029,
      "hit": 0.01750503018108652
    }
  },
  "paper_table1": {
    "webqsp": {
      "hit": 0.841,
      "f1": 0.858
    },
    "cwq": {
      "hit": 0.803,
      "f1": 0.83
    }
  },
  "paper_table2": {
    "ehr": {
      "Paper RoG (T2)": [
        [
          0.853,
          0.644,
          0.39,
          0.276,
          0.249,
          0.23,
          0.283
        ],
        0.377
      ],
      "Paper MemQ (T2)": [
        [
          0.816,
          0.844,
          0.854,
          0.851,
          0.854,
          0.861,
          0.939
        ],
        0.86
      ]
    },
    "ged": {
      "Paper RoG (T2)": [
        [
          0.479,
          2.494,
          3.764,
          4.505,
          5.499,
          7.193,
          10.438
        ],
        4.91
      ],
      "Paper MemQ (T2)": [
        [
          0.158,
          0.465,
          0.909,
          1.364,
          1.611,
          2.531,
          2.25
        ],
        1.327
      ]
    }
  }
}